Username,Password,TenantId,TenantCode,RoleId,RoleCode
user1,123,1,,
user2,123,2,,
user3,123,3,,
user4,123,4,,
user5,123,5,,
user6,123,6,,
user7,123,1,,
user8,123,2,,
user9,123,3,,
user10,123,4,,
user11,123,5,,
user12,123,6,,
user13,123,1,,
user14,123,2,,
user15,123,3,,
user16,123,4,,
user17,123,5,,
user18,123,6,,
user19,123,1,,
user20,123,2,,
user21,123,3,,
user22,123,4,,
user23,123,5,,
user24,123,6,,
user25,123,1,,
user26,123,2,,
user27,123,3,,
user28,123,4,,
user29,123,5,,
user30,123,6,,
user31,123,1,,
user32,123,2,,
user33,123,3,,
user34,123,4,,
user35,123,5,,
user36,123,6,,
user37,123,1,,
user38,123,2,,
user39,123,3,,
user40,123,4,,
user41,123,5,,
user42,123,6,,
user43,123,1,,
user44,123,2,,
user45,123,3,,
user46,123,4,,
user47,123,5,,
user48,123,6,,
user49,123,1,,
user50,123,2,,
user51,123,3,,
user52,123,4,,
user53,123,5,,
user54,123,6,,
user55,123,1,,
user56,123,2,,
user57,123,3,,
user58,123,4,,
user59,123,5,,
user60,123,6,,
user61,123,1,,
user62,123,2,,
user63,123,3,,
user64,123,4,,
user65,123,5,,
user66,123,6,,
user67,123,1,,
user68,123,2,,
user69,123,3,,
user70,123,4,,

